{
    "$schema": "https://schema.management.azure.com/schemas/2015-01-01/deploymentParameters.json#",
    "contentVersion": "1.0.0.0",
    "parameters": {
        "sites_MLWebAPITester_name": {
            "value": null
        },
        "sites_JBPrinterhelpAML_name": {
            "value": null
        },
        "serverfarms_EastUS2Plan_name": {
            "value": null
        },
        "sites_jbprntrhelpbotfunc_name": {
            "value": null
        },
        "sites_JBPrinterHelpBotSvc_name": {
            "value": null
        },
        "serverfarms_MLWebAPITester_name": {
            "value": null
        },
        "config_web_name": {
            "value": null
        },
        "workflows_JBPrinterHelpBotLogic_name": {
            "value": null
        },
        "config_web_name_1": {
            "value": null
        },
        "config_web_name_2": {
            "value": null
        },
        "config_web_name_3": {
            "value": null
        },
        "storageAccounts_jbprntrhelpbotfunc_name": {
            "value": null
        },
        "Workspaces_JBPrinterHelpBot_name": {
            "value": null
        },
        "storageAccounts_jbprinterhelpam8156_name": {
            "value": null
        },
        "components_JBPrntrHelpBotFuncocppu6_name": {
            "value": null
        },
        "components_JBPrinterHelpBotSvcocppu6_name": {
            "value": null
        },
        "storageAccounts_jbprinterhelpbotstorage_name": {
            "value": null
        },
        "storageAccounts_jbprinterhelpbotapocppu6_name": {
            "value": null
        },
        "storageAccounts_jbprinterhelpbotsvocppu6_name": {
            "value": null
        },
        "commitmentPlans_JBPrinterHelpBotPlan_name": {
            "value": null
        },
        "hostNameBindings_mlwebapitester.azurewebsites.net_name": {
            "value": null
        },
        "hostNameBindings_jbprinterhelpaml.azurewebsites.net_name": {
            "value": null
        },
        "hostNameBindings_jbprntrhelpbotfunc.azurewebsites.net_name": {
            "value": null
        },
        "hostNameBindings_jbprinterhelpbotsvc.azurewebsites.net_name": {
            "value": null
        }
    }
}