{
    "$schema": "https://schema.management.azure.com/schemas/2015-01-01/deploymentTemplate.json#",
    "contentVersion": "1.0.0.0",
    "parameters": {
        "sites_MLWebAPITester_name": {
            "defaultValue": "MLWebAPITester",
            "type": "String"
        },
        "sites_JBPrinterhelpAML_name": {
            "defaultValue": "JBPrinterhelpAML",
            "type": "String"
        },
        "serverfarms_EastUS2Plan_name": {
            "defaultValue": "EastUS2Plan",
            "type": "String"
        },
        "sites_jbprntrhelpbotfunc_name": {
            "defaultValue": "jbprntrhelpbotfunc",
            "type": "String"
        },
        "sites_JBPrinterHelpBotSvc_name": {
            "defaultValue": "JBPrinterHelpBotSvc",
            "type": "String"
        },
        "serverfarms_MLWebAPITester_name": {
            "defaultValue": "MLWebAPITester",
            "type": "String"
        },
        "config_web_name": {
            "defaultValue": "web",
            "type": "String"
        },
        "workflows_JBPrinterHelpBotLogic_name": {
            "defaultValue": "JBPrinterHelpBotLogic",
            "type": "String"
        },
        "config_web_name_1": {
            "defaultValue": "web",
            "type": "String"
        },
        "config_web_name_2": {
            "defaultValue": "web",
            "type": "String"
        },
        "config_web_name_3": {
            "defaultValue": "web",
            "type": "String"
        },
        "storageAccounts_jbprntrhelpbotfunc_name": {
            "defaultValue": "jbprntrhelpbotfunc",
            "type": "String"
        },
        "Workspaces_JBPrinterHelpBot_name": {
            "defaultValue": "JBPrinterHelpBot",
            "type": "String"
        },
        "storageAccounts_jbprinterhelpam8156_name": {
            "defaultValue": "jbprinterhelpam8156",
            "type": "String"
        },
        "components_JBPrntrHelpBotFuncocppu6_name": {
            "defaultValue": "JBPrntrHelpBotFuncocppu6",
            "type": "String"
        },
        "components_JBPrinterHelpBotSvcocppu6_name": {
            "defaultValue": "JBPrinterHelpBotSvcocppu6",
            "type": "String"
        },
        "storageAccounts_jbprinterhelpbotstorage_name": {
            "defaultValue": "jbprinterhelpbotstorage",
            "type": "String"
        },
        "storageAccounts_jbprinterhelpbotapocppu6_name": {
            "defaultValue": "jbprinterhelpbotapocppu6",
            "type": "String"
        },
        "storageAccounts_jbprinterhelpbotsvocppu6_name": {
            "defaultValue": "jbprinterhelpbotsvocppu6",
            "type": "String"
        },
        "commitmentPlans_JBPrinterHelpBotPlan_name": {
            "defaultValue": "JBPrinterHelpBotPlan",
            "type": "String"
        },
        "hostNameBindings_mlwebapitester.azurewebsites.net_name": {
            "defaultValue": "mlwebapitester.azurewebsites.net",
            "type": "String"
        },
        "hostNameBindings_jbprinterhelpaml.azurewebsites.net_name": {
            "defaultValue": "jbprinterhelpaml.azurewebsites.net",
            "type": "String"
        },
        "hostNameBindings_jbprntrhelpbotfunc.azurewebsites.net_name": {
            "defaultValue": "jbprntrhelpbotfunc.azurewebsites.net",
            "type": "String"
        },
        "hostNameBindings_jbprinterhelpbotsvc.azurewebsites.net_name": {
            "defaultValue": "jbprinterhelpbotsvc.azurewebsites.net",
            "type": "String"
        }
    },
    "variables": {},
    "resources": [
        {
            "comments": "Generalized from resource: '/subscriptions/82d7b191-5a8c-4cbf-a9f9-9aa5fb50feaa/resourceGroups/JBPrinterHelpBot/providers/microsoft.insights/components/JBPrinterHelpBotSvcocppu6'.",
            "type": "microsoft.insights/components",
            "kind": "web",
            "name": "[parameters('components_JBPrinterHelpBotSvcocppu6_name')]",
            "apiVersion": "2014-04-01",
            "location": "southcentralus",
            "tags": {},
            "scale": null,
            "properties": {
                "ApplicationId": "[parameters('components_JBPrinterHelpBotSvcocppu6_name')]"
            },
            "dependsOn": []
        },
        {
            "comments": "Generalized from resource: '/subscriptions/82d7b191-5a8c-4cbf-a9f9-9aa5fb50feaa/resourceGroups/JBPrinterHelpBot/providers/microsoft.insights/components/JBPrntrHelpBotFuncocppu6'.",
            "type": "microsoft.insights/components",
            "kind": "web",
            "name": "[parameters('components_JBPrntrHelpBotFuncocppu6_name')]",
            "apiVersion": "2014-04-01",
            "location": "eastus",
            "tags": {
                "hidden-link:/subscriptions/82d7b191-5a8c-4cbf-a9f9-9aa5fb50feaa/resourceGroups/JBPrinterHelpBot/providers/Microsoft.BotService/botServices/JBPrntrHelpBotFunc": "Resource",
                "hidden-link:/subscriptions/82d7b191-5a8c-4cbf-a9f9-9aa5fb50feaa/resourceGroups/JBPrinterHelpBot/providers/Microsoft.Web/sites/jbprntrhelpbotfunc": "Resource"
            },
            "scale": null,
            "properties": {
                "ApplicationId": "[parameters('components_JBPrntrHelpBotFuncocppu6_name')]"
            },
            "dependsOn": []
        },
        {
            "comments": "Generalized from resource: '/subscriptions/82d7b191-5a8c-4cbf-a9f9-9aa5fb50feaa/resourceGroups/JBPrinterHelpBot/providers/Microsoft.Logic/workflows/JBPrinterHelpBotLogic'.",
            "type": "Microsoft.Logic/workflows",
            "name": "[parameters('workflows_JBPrinterHelpBotLogic_name')]",
            "apiVersion": "2017-07-01",
            "location": "eastus2",
            "scale": null,
            "properties": {
                "state": "Enabled",
                "definition": {
                    "$schema": "https://schema.management.azure.com/providers/Microsoft.Logic/schemas/2016-06-01/workflowdefinition.json#",
                    "contentVersion": "1.0.0.0",
                    "parameters": {},
                    "triggers": {
                        "manual": {
                            "type": "Request",
                            "kind": "Http",
                            "inputs": {
                                "method": "POST",
                                "schema": {
                                    "properties": {
                                        "Printer Solution": {
                                            "type": "string"
                                        },
                                        "Printer_Drivers_Installed": {
                                            "type": "string"
                                        },
                                        "Printer_IP_Reachable": {
                                            "type": "string"
                                        },
                                        "Printer_Network_Connection_Type": {
                                            "type": "string"
                                        },
                                        "Printer_Paper_OK": {
                                            "type": "string"
                                        },
                                        "Printer_Power_On": {
                                            "type": "string"
                                        }
                                    },
                                    "type": "object"
                                }
                            }
                        }
                    },
                    "actions": {
                        "HTTP_Response": {
                            "runAfter": {
                                "HttpTriggerCSharp1": [
                                    "Succeeded"
                                ]
                            },
                            "type": "Response",
                            "inputs": {
                                "body": "@body('HttpTriggerCSharp1')",
                                "statusCode": 200
                            }
                        },
                        "HttpTriggerCSharp1": {
                            "runAfter": {},
                            "type": "Function",
                            "inputs": {
                                "body": {
                                    "Printer Solution": "@triggerBody()?['Printer Solution']",
                                    "Printer_Drivers_Installed": "@triggerBody()?['Printer_Drivers_Installed']",
                                    "Printer_IP_Reachable": "@triggerBody()?['Printer_IP_Reachable']",
                                    "Printer_Network_Connection_Type": "@triggerBody()?['Printer_Network_Connection_Type']",
                                    "Printer_Paper_OK": "@triggerBody()?['Printer_Paper_OK']",
                                    "Printer_Power_On": "@triggerBody()?['Printer_Power_On']"
                                },
                                "function": {
                                    "id": "[concat(resourceId('Microsoft.Web/sites', parameters('sites_JBPrinterhelpAML_name')), '/functions/HttpTriggerCSharp1')]"
                                },
                                "method": "POST"
                            }
                        }
                    },
                    "outputs": {}
                },
                "parameters": {}
            },
            "dependsOn": [
                "[resourceId('Microsoft.Web/sites', parameters('sites_JBPrinterhelpAML_name'))]"
            ]
        },
        {
            "comments": "Generalized from resource: '/subscriptions/82d7b191-5a8c-4cbf-a9f9-9aa5fb50feaa/resourceGroups/JBPrinterHelpBot/providers/Microsoft.MachineLearning/commitmentPlans/JBPrinterHelpBotPlan'.",
            "type": "Microsoft.MachineLearning/commitmentPlans",
            "sku": {
                "name": "S1",
                "tier": "Standard",
                "capacity": 1
            },
            "name": "[parameters('commitmentPlans_JBPrinterHelpBotPlan_name')]",
            "apiVersion": "2016-05-01-preview",
            "location": "southcentralus",
            "tags": {},
            "scale": null,
            "properties": {
                "chargeForOverage": true,
                "chargeForPlan": true,
                "creationDate": "2017-08-11T12:54:28.7302297Z",
                "includedQuantities": {
                    "machineLearningWebServiceComputeHours": {
                        "allowance": 25,
                        "amount": 25,
                        "includedQuantityMeter": "29187de1-b4a1-4503-a6f6-078271b3fc9d",
                        "overageMeter": "842f92f7-a46b-4522-ac62-8134271dc591"
                    },
                    "machineLearningWebServiceTransactions": {
                        "allowance": 100000,
                        "amount": 100,
                        "includedQuantityMeter": "303743b6-4cd0-44df-8ec2-a93c8f14943b",
                        "overageMeter": "c906e161-98b8-41b1-81e2-b59e0b263740"
                    }
                },
                "maxAssociationLimit": 10000,
                "maxCapacityLimit": 10,
                "minCapacityLimit": 1,
                "planMeter": "4a5a4b83-6216-47c5-b3db-fe430fa6e2c3",
                "refillFrequencyInDays": 30,
                "suspendPlanOnOverage": false
            },
            "dependsOn": []
        },
        {
            "comments": "Generalized from resource: '/subscriptions/82d7b191-5a8c-4cbf-a9f9-9aa5fb50feaa/resourceGroups/JBPrinterHelpBot/providers/Microsoft.MachineLearning/Workspaces/JBPrinterHelpBot'.",
            "type": "Microsoft.MachineLearning/Workspaces",
            "name": "[parameters('Workspaces_JBPrinterHelpBot_name')]",
            "apiVersion": "2016-04-01",
            "location": "South Central US",
            "scale": null,
            "properties": {
                "userStorageAccountId": "[resourceId('Microsoft.Storage/storageAccounts', parameters('storageAccounts_jbprinterhelpbotstorage_name'))]",
                "keyVaultIdentifierId": null,
                "ownerEmail": "live.com#jbarnes_1@hotmail.com"
            },
            "dependsOn": [
                "[resourceId('Microsoft.Storage/storageAccounts', parameters('storageAccounts_jbprinterhelpbotstorage_name'))]"
            ]
        },
        {
            "comments": "Generalized from resource: '/subscriptions/82d7b191-5a8c-4cbf-a9f9-9aa5fb50feaa/resourceGroups/JBPrinterHelpBot/providers/Microsoft.Storage/storageAccounts/jbprntrhelpbotfunc'.",
            "type": "Microsoft.Storage/storageAccounts",
            "sku": {
                "name": "Standard_LRS",
                "tier": "Standard"
            },
            "kind": "Storage",
            "name": "[parameters('storageAccounts_jbprntrhelpbotfunc_name')]",
            "apiVersion": "2017-10-01",
            "location": "eastus2",
            "tags": {},
            "scale": null,
            "properties": {
                "networkAcls": {
                    "bypass": "AzureServices",
                    "virtualNetworkRules": [],
                    "ipRules": [],
                    "defaultAction": "Allow"
                },
                "encryption": {
                    "services": {
                        "file": {
                            "enabled": true
                        },
                        "blob": {
                            "enabled": true
                        }
                    },
                    "keySource": "Microsoft.Storage"
                }
            },
            "dependsOn": []
        },
        {
            "comments": "Generalized from resource: '/subscriptions/82d7b191-5a8c-4cbf-a9f9-9aa5fb50feaa/resourceGroups/JBPrinterHelpBot/providers/Microsoft.Storage/storageAccounts/jbprinterhelpam8156'.",
            "type": "Microsoft.Storage/storageAccounts",
            "sku": {
                "name": "Standard_LRS",
                "tier": "Standard"
            },
            "kind": "Storage",
            "name": "[parameters('storageAccounts_jbprinterhelpam8156_name')]",
            "apiVersion": "2017-10-01",
            "location": "eastus2",
            "tags": {},
            "scale": null,
            "properties": {
                "networkAcls": {
                    "bypass": "AzureServices",
                    "virtualNetworkRules": [],
                    "ipRules": [],
                    "defaultAction": "Allow"
                },
                "encryption": {
                    "services": {
                        "file": {
                            "enabled": true
                        },
                        "blob": {
                            "enabled": true
                        }
                    },
                    "keySource": "Microsoft.Storage"
                }
            },
            "dependsOn": []
        },
        {
            "comments": "Generalized from resource: '/subscriptions/82d7b191-5a8c-4cbf-a9f9-9aa5fb50feaa/resourceGroups/jbprinterhelpbot/providers/Microsoft.Storage/storageAccounts/jbprinterhelpbotapocppu6'.",
            "type": "Microsoft.Storage/storageAccounts",
            "sku": {
                "name": "Standard_LRS",
                "tier": "Standard"
            },
            "kind": "Storage",
            "name": "[parameters('storageAccounts_jbprinterhelpbotapocppu6_name')]",
            "apiVersion": "2017-10-01",
            "location": "eastus2",
            "tags": {},
            "scale": null,
            "properties": {
                "networkAcls": {
                    "bypass": "AzureServices",
                    "virtualNetworkRules": [],
                    "ipRules": [],
                    "defaultAction": "Allow"
                },
                "supportsHttpsTrafficOnly": false,
                "encryption": {
                    "services": {
                        "file": {
                            "enabled": true
                        },
                        "blob": {
                            "enabled": true
                        }
                    },
                    "keySource": "Microsoft.Storage"
                }
            },
            "dependsOn": []
        },
        {
            "comments": "Generalized from resource: '/subscriptions/82d7b191-5a8c-4cbf-a9f9-9aa5fb50feaa/resourceGroups/jbprinterhelpbot/providers/Microsoft.Storage/storageAccounts/jbprinterhelpbotsvocppu6'.",
            "type": "Microsoft.Storage/storageAccounts",
            "sku": {
                "name": "Standard_LRS",
                "tier": "Standard"
            },
            "kind": "Storage",
            "name": "[parameters('storageAccounts_jbprinterhelpbotsvocppu6_name')]",
            "apiVersion": "2017-10-01",
            "location": "eastus2",
            "tags": {},
            "scale": null,
            "properties": {
                "networkAcls": {
                    "bypass": "AzureServices",
                    "virtualNetworkRules": [],
                    "ipRules": [],
                    "defaultAction": "Allow"
                },
                "supportsHttpsTrafficOnly": false,
                "encryption": {
                    "services": {
                        "file": {
                            "enabled": true
                        },
                        "blob": {
                            "enabled": true
                        }
                    },
                    "keySource": "Microsoft.Storage"
                }
            },
            "dependsOn": []
        },
        {
            "comments": "Generalized from resource: '/subscriptions/82d7b191-5a8c-4cbf-a9f9-9aa5fb50feaa/resourceGroups/jbprinterhelpbot/providers/Microsoft.Storage/storageAccounts/jbprinterhelpbotstorage'.",
            "type": "Microsoft.Storage/storageAccounts",
            "sku": {
                "name": "Standard_LRS",
                "tier": "Standard"
            },
            "kind": "Storage",
            "name": "[parameters('storageAccounts_jbprinterhelpbotstorage_name')]",
            "apiVersion": "2017-10-01",
            "location": "southcentralus",
            "tags": {},
            "scale": null,
            "properties": {
                "networkAcls": {
                    "bypass": "AzureServices",
                    "virtualNetworkRules": [],
                    "ipRules": [],
                    "defaultAction": "Allow"
                },
                "supportsHttpsTrafficOnly": false,
                "encryption": {
                    "services": {
                        "file": {
                            "enabled": true
                        },
                        "blob": {
                            "enabled": true
                        }
                    },
                    "keySource": "Microsoft.Storage"
                }
            },
            "dependsOn": []
        },
        {
            "comments": "Generalized from resource: '/subscriptions/82d7b191-5a8c-4cbf-a9f9-9aa5fb50feaa/resourceGroups/JBPrinterHelpBot/providers/Microsoft.Web/serverfarms/EastUS2Plan'.",
            "type": "Microsoft.Web/serverfarms",
            "sku": {
                "name": "Y1",
                "tier": "Dynamic",
                "size": "Y1",
                "family": "Y",
                "capacity": 0
            },
            "kind": "functionapp",
            "name": "[parameters('serverfarms_EastUS2Plan_name')]",
            "apiVersion": "2016-09-01",
            "location": "East US 2",
            "scale": null,
            "properties": {
                "name": "[parameters('serverfarms_EastUS2Plan_name')]",
                "workerTierName": null,
                "adminSiteName": null,
                "hostingEnvironmentProfile": null,
                "perSiteScaling": false,
                "reserved": false,
                "targetWorkerCount": 0,
                "targetWorkerSizeId": 0
            },
            "dependsOn": []
        },
        {
            "comments": "Generalized from resource: '/subscriptions/82d7b191-5a8c-4cbf-a9f9-9aa5fb50feaa/resourceGroups/JBPrinterHelpBot/providers/Microsoft.Web/serverfarms/MLWebAPITester'.",
            "type": "Microsoft.Web/serverfarms",
            "sku": {
                "name": "S1",
                "tier": "Standard",
                "size": "S1",
                "family": "S",
                "capacity": 1
            },
            "kind": "app",
            "name": "[parameters('serverfarms_MLWebAPITester_name')]",
            "apiVersion": "2016-09-01",
            "location": "East US 2",
            "scale": null,
            "properties": {
                "name": "[parameters('serverfarms_MLWebAPITester_name')]",
                "workerTierName": null,
                "adminSiteName": null,
                "hostingEnvironmentProfile": null,
                "perSiteScaling": false,
                "reserved": false,
                "targetWorkerCount": 0,
                "targetWorkerSizeId": 0
            },
            "dependsOn": []
        },
        {
            "comments": "Generalized from resource: '/subscriptions/82d7b191-5a8c-4cbf-a9f9-9aa5fb50feaa/resourceGroups/JBPrinterHelpBot/providers/Microsoft.Web/sites/JBPrinterhelpAML'.",
            "type": "Microsoft.Web/sites",
            "kind": "functionapp",
            "name": "[parameters('sites_JBPrinterhelpAML_name')]",
            "apiVersion": "2016-08-01",
            "location": "East US 2",
            "scale": null,
            "properties": {
                "enabled": true,
                "hostNameSslStates": [
                    {
                        "name": "[concat(parameters('sites_JBPrinterhelpAML_name'),'jbprinterhelpaml.azurewebsites.net')]",
                        "sslState": "Disabled",
                        "virtualIP": null,
                        "thumbprint": null,
                        "toUpdate": null,
                        "hostType": "Standard"
                    },
                    {
                        "name": "[concat(parameters('sites_JBPrinterhelpAML_name'),'jbprinterhelpaml.scm.azurewebsites.net')]",
                        "sslState": "Disabled",
                        "virtualIP": null,
                        "thumbprint": null,
                        "toUpdate": null,
                        "hostType": "Repository"
                    }
                ],
                "serverFarmId": "[resourceId('Microsoft.Web/serverfarms', parameters('serverfarms_EastUS2Plan_name'))]",
                "reserved": false,
                "siteConfig": null,
                "scmSiteAlsoStopped": false,
                "hostingEnvironmentProfile": null,
                "clientAffinityEnabled": false,
                "clientCertEnabled": false,
                "hostNamesDisabled": false,
                "containerSize": 1536,
                "dailyMemoryTimeQuota": 0,
                "cloningInfo": null
            },
            "dependsOn": [
                "[resourceId('Microsoft.Web/serverfarms', parameters('serverfarms_EastUS2Plan_name'))]"
            ]
        },
        {
            "comments": "Generalized from resource: '/subscriptions/82d7b191-5a8c-4cbf-a9f9-9aa5fb50feaa/resourceGroups/JBPrinterHelpBot/providers/Microsoft.Web/sites/MLWebAPITester'.",
            "type": "Microsoft.Web/sites",
            "kind": "app",
            "name": "[parameters('sites_MLWebAPITester_name')]",
            "apiVersion": "2016-08-01",
            "location": "East US 2",
            "tags": {
                "hidden-related:/subscriptions/82d7b191-5a8c-4cbf-a9f9-9aa5fb50feaa/resourcegroups/JBPrinterHelpBot/providers/Microsoft.Web/serverfarms/MLWebAPITester": "empty"
            },
            "scale": null,
            "properties": {
                "enabled": true,
                "hostNameSslStates": [
                    {
                        "name": "[concat(parameters('sites_MLWebAPITester_name'),'mlwebapitester.azurewebsites.net')]",
                        "sslState": "Disabled",
                        "virtualIP": null,
                        "thumbprint": null,
                        "toUpdate": null,
                        "hostType": "Standard"
                    },
                    {
                        "name": "[concat(parameters('sites_MLWebAPITester_name'),'mlwebapitester.scm.azurewebsites.net')]",
                        "sslState": "Disabled",
                        "virtualIP": null,
                        "thumbprint": null,
                        "toUpdate": null,
                        "hostType": "Repository"
                    }
                ],
                "serverFarmId": "[resourceId('Microsoft.Web/serverfarms', parameters('serverfarms_MLWebAPITester_name'))]",
                "reserved": false,
                "siteConfig": null,
                "scmSiteAlsoStopped": false,
                "hostingEnvironmentProfile": null,
                "clientAffinityEnabled": true,
                "clientCertEnabled": false,
                "hostNamesDisabled": false,
                "containerSize": 0,
                "dailyMemoryTimeQuota": 0,
                "cloningInfo": null
            },
            "dependsOn": [
                "[resourceId('Microsoft.Web/serverfarms', parameters('serverfarms_MLWebAPITester_name'))]"
            ]
        },
        {
            "comments": "Generalized from resource: '/subscriptions/82d7b191-5a8c-4cbf-a9f9-9aa5fb50feaa/resourceGroups/JBPrinterHelpBot/providers/Microsoft.Web/sites/jbprntrhelpbotfunc'.",
            "type": "Microsoft.Web/sites",
            "kind": "functionapp",
            "name": "[parameters('sites_jbprntrhelpbotfunc_name')]",
            "apiVersion": "2016-08-01",
            "location": "East US 2",
            "scale": null,
            "properties": {
                "enabled": true,
                "hostNameSslStates": [
                    {
                        "name": "[concat(parameters('sites_jbprntrhelpbotfunc_name'),'.azurewebsites.net')]",
                        "sslState": "Disabled",
                        "virtualIP": null,
                        "thumbprint": null,
                        "toUpdate": null,
                        "hostType": "Standard"
                    },
                    {
                        "name": "[concat(parameters('sites_jbprntrhelpbotfunc_name'),'.scm.azurewebsites.net')]",
                        "sslState": "Disabled",
                        "virtualIP": null,
                        "thumbprint": null,
                        "toUpdate": null,
                        "hostType": "Repository"
                    }
                ],
                "serverFarmId": "[resourceId('Microsoft.Web/serverfarms', parameters('serverfarms_EastUS2Plan_name'))]",
                "reserved": false,
                "siteConfig": null,
                "scmSiteAlsoStopped": false,
                "hostingEnvironmentProfile": null,
                "clientAffinityEnabled": true,
                "clientCertEnabled": false,
                "hostNamesDisabled": false,
                "containerSize": 1536,
                "dailyMemoryTimeQuota": 0,
                "cloningInfo": null
            },
            "dependsOn": [
                "[resourceId('Microsoft.Web/serverfarms', parameters('serverfarms_EastUS2Plan_name'))]"
            ]
        },
        {
            "comments": "Generalized from resource: '/subscriptions/82d7b191-5a8c-4cbf-a9f9-9aa5fb50feaa/resourceGroups/JBPrinterHelpBot/providers/Microsoft.Web/sites/JBPrinterHelpBotSvc'.",
            "type": "Microsoft.Web/sites",
            "kind": "functionapp,botapp",
            "name": "[parameters('sites_JBPrinterHelpBotSvc_name')]",
            "apiVersion": "2016-08-01",
            "location": "East US 2",
            "scale": null,
            "properties": {
                "enabled": true,
                "hostNameSslStates": [
                    {
                        "name": "[concat(parameters('sites_JBPrinterHelpBotSvc_name'),'jbprinterhelpbotsvc.azurewebsites.net')]",
                        "sslState": "Disabled",
                        "virtualIP": null,
                        "thumbprint": null,
                        "toUpdate": null,
                        "hostType": "Standard"
                    },
                    {
                        "name": "[concat(parameters('sites_JBPrinterHelpBotSvc_name'),'jbprinterhelpbotsvc.scm.azurewebsites.net')]",
                        "sslState": "Disabled",
                        "virtualIP": null,
                        "thumbprint": null,
                        "toUpdate": null,
                        "hostType": "Repository"
                    }
                ],
                "serverFarmId": "[resourceId('Microsoft.Web/serverfarms', parameters('serverfarms_EastUS2Plan_name'))]",
                "reserved": false,
                "siteConfig": null,
                "scmSiteAlsoStopped": false,
                "hostingEnvironmentProfile": null,
                "clientAffinityEnabled": true,
                "clientCertEnabled": false,
                "hostNamesDisabled": false,
                "containerSize": 1536,
                "dailyMemoryTimeQuota": 0,
                "cloningInfo": null
            },
            "dependsOn": [
                "[resourceId('Microsoft.Web/serverfarms', parameters('serverfarms_EastUS2Plan_name'))]"
            ]
        },
        {
            "comments": "Generalized from resource: '/subscriptions/82d7b191-5a8c-4cbf-a9f9-9aa5fb50feaa/resourceGroups/JBPrinterHelpBot/providers/Microsoft.Web/sites/JBPrinterhelpAML/config/web'.",
            "type": "Microsoft.Web/sites/config",
            "name": "[concat(parameters('sites_JBPrinterhelpAML_name'), '/', parameters('config_web_name_1'))]",
            "apiVersion": "2016-08-01",
            "location": "East US 2",
            "scale": null,
            "properties": {
                "numberOfWorkers": 1,
                "defaultDocuments": [
                    "Default.htm",
                    "Default.html",
                    "Default.asp",
                    "index.htm",
                    "index.html",
                    "iisstart.htm",
                    "default.aspx",
                    "index.php"
                ],
                "netFrameworkVersion": "v4.0",
                "phpVersion": "5.6",
                "pythonVersion": "",
                "nodeVersion": "",
                "linuxFxVersion": "",
                "requestTracingEnabled": false,
                "remoteDebuggingEnabled": false,
                "remoteDebuggingVersion": null,
                "httpLoggingEnabled": false,
                "logsDirectorySizeLimit": 35,
                "detailedErrorLoggingEnabled": false,
                "publishingUsername": "$JBPrinterhelpAML",
                "publishingPassword": null,
                "appSettings": null,
                "metadata": null,
                "connectionStrings": null,
                "machineKey": null,
                "handlerMappings": null,
                "documentRoot": null,
                "scmType": "None",
                "use32BitWorkerProcess": true,
                "webSocketsEnabled": false,
                "alwaysOn": false,
                "javaVersion": null,
                "javaContainer": null,
                "javaContainerVersion": null,
                "appCommandLine": "",
                "managedPipelineMode": "Integrated",
                "virtualApplications": [
                    {
                        "virtualPath": "/",
                        "physicalPath": "site\\wwwroot",
                        "preloadEnabled": false,
                        "virtualDirectories": null
                    }
                ],
                "winAuthAdminState": 0,
                "winAuthTenantState": 0,
                "customAppPoolIdentityAdminState": false,
                "customAppPoolIdentityTenantState": false,
                "runtimeADUser": null,
                "runtimeADUserPassword": null,
                "loadBalancing": "LeastRequests",
                "routingRules": [],
                "experiments": {
                    "rampUpRules": []
                },
                "limits": null,
                "autoHealEnabled": false,
                "autoHealRules": null,
                "tracingOptions": null,
                "vnetName": "",
                "siteAuthEnabled": false,
                "siteAuthSettings": {
                    "enabled": null,
                    "unauthenticatedClientAction": null,
                    "tokenStoreEnabled": null,
                    "allowedExternalRedirectUrls": null,
                    "defaultProvider": null,
                    "clientId": null,
                    "clientSecret": null,
                    "issuer": null,
                    "allowedAudiences": null,
                    "additionalLoginParams": null,
                    "isAadAutoProvisioned": false,
                    "googleClientId": null,
                    "googleClientSecret": null,
                    "googleOAuthScopes": null,
                    "facebookAppId": null,
                    "facebookAppSecret": null,
                    "facebookOAuthScopes": null,
                    "twitterConsumerKey": null,
                    "twitterConsumerSecret": null,
                    "microsoftAccountClientId": null,
                    "microsoftAccountClientSecret": null,
                    "microsoftAccountOAuthScopes": null
                },
                "cors": {
                    "allowedOrigins": [
                        "https://functions.azure.com",
                        "https://functions-staging.azure.com",
                        "https://functions-next.azure.com"
                    ]
                },
                "push": null,
                "apiDefinition": null,
                "autoSwapSlotName": null,
                "localMySqlEnabled": false,
                "managedServiceIdentityId": null,
                "ipSecurityRestrictions": null
            },
            "dependsOn": [
                "[resourceId('Microsoft.Web/sites', parameters('sites_JBPrinterhelpAML_name'))]"
            ]
        },
        {
            "comments": "Generalized from resource: '/subscriptions/82d7b191-5a8c-4cbf-a9f9-9aa5fb50feaa/resourceGroups/JBPrinterHelpBot/providers/Microsoft.Web/sites/JBPrinterhelpAML/hostNameBindings/jbprinterhelpaml.azurewebsites.net'.",
            "type": "Microsoft.Web/sites/hostNameBindings",
            "name": "[concat(parameters('sites_JBPrinterhelpAML_name'), '/', parameters('hostNameBindings_jbprinterhelpaml.azurewebsites.net_name'))]",
            "apiVersion": "2016-08-01",
            "location": "East US 2",
            "scale": null,
            "properties": {
                "siteName": "JBPrinterhelpAML",
                "domainId": null,
                "hostNameType": "Verified"
            },
            "dependsOn": [
                "[resourceId('Microsoft.Web/sites', parameters('sites_JBPrinterhelpAML_name'))]"
            ]
        },
        {
            "comments": "Generalized from resource: '/subscriptions/82d7b191-5a8c-4cbf-a9f9-9aa5fb50feaa/resourceGroups/JBPrinterHelpBot/providers/Microsoft.Web/sites/MLWebAPITester/config/web'.",
            "type": "Microsoft.Web/sites/config",
            "name": "[concat(parameters('sites_MLWebAPITester_name'), '/', parameters('config_web_name'))]",
            "apiVersion": "2016-08-01",
            "location": "East US 2",
            "tags": {
                "hidden-related:/subscriptions/82d7b191-5a8c-4cbf-a9f9-9aa5fb50feaa/resourcegroups/JBPrinterHelpBot/providers/Microsoft.Web/serverfarms/MLWebAPITester": "empty"
            },
            "scale": null,
            "properties": {
                "numberOfWorkers": 1,
                "defaultDocuments": [
                    "Default.htm",
                    "Default.html",
                    "Default.asp",
                    "index.htm",
                    "index.html",
                    "iisstart.htm",
                    "default.aspx",
                    "index.php",
                    "hostingstart.html"
                ],
                "netFrameworkVersion": "v4.0",
                "phpVersion": "5.6",
                "pythonVersion": "",
                "nodeVersion": "",
                "linuxFxVersion": "",
                "requestTracingEnabled": false,
                "remoteDebuggingEnabled": false,
                "remoteDebuggingVersion": null,
                "httpLoggingEnabled": false,
                "logsDirectorySizeLimit": 35,
                "detailedErrorLoggingEnabled": false,
                "publishingUsername": "[concat('$MLWebAPITester')]",
                "publishingPassword": null,
                "appSettings": null,
                "metadata": null,
                "connectionStrings": null,
                "machineKey": null,
                "handlerMappings": null,
                "documentRoot": null,
                "scmType": "None",
                "use32BitWorkerProcess": true,
                "webSocketsEnabled": false,
                "alwaysOn": false,
                "javaVersion": null,
                "javaContainer": null,
                "javaContainerVersion": null,
                "appCommandLine": "",
                "managedPipelineMode": "Integrated",
                "virtualApplications": [
                    {
                        "virtualPath": "/",
                        "physicalPath": "site\\wwwroot",
                        "preloadEnabled": false,
                        "virtualDirectories": null
                    }
                ],
                "winAuthAdminState": 0,
                "winAuthTenantState": 0,
                "customAppPoolIdentityAdminState": false,
                "customAppPoolIdentityTenantState": false,
                "runtimeADUser": null,
                "runtimeADUserPassword": null,
                "loadBalancing": "LeastRequests",
                "routingRules": [],
                "experiments": {
                    "rampUpRules": []
                },
                "limits": null,
                "autoHealEnabled": false,
                "autoHealRules": null,
                "tracingOptions": null,
                "vnetName": "",
                "siteAuthEnabled": false,
                "siteAuthSettings": {
                    "enabled": null,
                    "unauthenticatedClientAction": null,
                    "tokenStoreEnabled": null,
                    "allowedExternalRedirectUrls": null,
                    "defaultProvider": null,
                    "clientId": null,
                    "clientSecret": null,
                    "issuer": null,
                    "allowedAudiences": null,
                    "additionalLoginParams": null,
                    "isAadAutoProvisioned": false,
                    "googleClientId": null,
                    "googleClientSecret": null,
                    "googleOAuthScopes": null,
                    "facebookAppId": null,
                    "facebookAppSecret": null,
                    "facebookOAuthScopes": null,
                    "twitterConsumerKey": null,
                    "twitterConsumerSecret": null,
                    "microsoftAccountClientId": null,
                    "microsoftAccountClientSecret": null,
                    "microsoftAccountOAuthScopes": null
                },
                "cors": null,
                "push": null,
                "apiDefinition": null,
                "autoSwapSlotName": null,
                "localMySqlEnabled": false,
                "managedServiceIdentityId": null,
                "ipSecurityRestrictions": null
            },
            "dependsOn": [
                "[resourceId('Microsoft.Web/sites', parameters('sites_MLWebAPITester_name'))]"
            ]
        },
        {
            "comments": "Generalized from resource: '/subscriptions/82d7b191-5a8c-4cbf-a9f9-9aa5fb50feaa/resourceGroups/JBPrinterHelpBot/providers/Microsoft.Web/sites/MLWebAPITester/hostNameBindings/mlwebapitester.azurewebsites.net'.",
            "type": "Microsoft.Web/sites/hostNameBindings",
            "name": "[concat(parameters('sites_MLWebAPITester_name'), '/', parameters('hostNameBindings_mlwebapitester.azurewebsites.net_name'))]",
            "apiVersion": "2016-08-01",
            "location": "East US 2",
            "scale": null,
            "properties": {
                "siteName": "MLWebAPITester",
                "domainId": null,
                "hostNameType": "Verified"
            },
            "dependsOn": [
                "[resourceId('Microsoft.Web/sites', parameters('sites_MLWebAPITester_name'))]"
            ]
        },
        {
            "comments": "Generalized from resource: '/subscriptions/82d7b191-5a8c-4cbf-a9f9-9aa5fb50feaa/resourceGroups/JBPrinterHelpBot/providers/Microsoft.Web/sites/jbprntrhelpbotfunc/config/web'.",
            "type": "Microsoft.Web/sites/config",
            "name": "[concat(parameters('sites_jbprntrhelpbotfunc_name'), '/', parameters('config_web_name_2'))]",
            "apiVersion": "2016-08-01",
            "location": "East US 2",
            "scale": null,
            "properties": {
                "numberOfWorkers": 1,
                "defaultDocuments": [
                    "Default.htm",
                    "Default.html",
                    "Default.asp",
                    "index.htm",
                    "index.html",
                    "iisstart.htm",
                    "default.aspx",
                    "index.php"
                ],
                "netFrameworkVersion": "v4.0",
                "phpVersion": "5.6",
                "pythonVersion": "",
                "nodeVersion": "",
                "linuxFxVersion": "",
                "requestTracingEnabled": false,
                "remoteDebuggingEnabled": false,
                "remoteDebuggingVersion": null,
                "httpLoggingEnabled": false,
                "logsDirectorySizeLimit": 35,
                "detailedErrorLoggingEnabled": false,
                "publishingUsername": "$jbprntrhelpbotfunc",
                "publishingPassword": null,
                "appSettings": null,
                "metadata": null,
                "connectionStrings": null,
                "machineKey": null,
                "handlerMappings": null,
                "documentRoot": null,
                "scmType": "None",
                "use32BitWorkerProcess": true,
                "webSocketsEnabled": false,
                "alwaysOn": false,
                "javaVersion": null,
                "javaContainer": null,
                "javaContainerVersion": null,
                "appCommandLine": "",
                "managedPipelineMode": "Integrated",
                "virtualApplications": [
                    {
                        "virtualPath": "/",
                        "physicalPath": "site\\wwwroot",
                        "preloadEnabled": false,
                        "virtualDirectories": null
                    }
                ],
                "winAuthAdminState": 0,
                "winAuthTenantState": 0,
                "customAppPoolIdentityAdminState": false,
                "customAppPoolIdentityTenantState": false,
                "runtimeADUser": null,
                "runtimeADUserPassword": null,
                "loadBalancing": "LeastRequests",
                "routingRules": [],
                "experiments": {
                    "rampUpRules": []
                },
                "limits": null,
                "autoHealEnabled": false,
                "autoHealRules": null,
                "tracingOptions": null,
                "vnetName": "",
                "siteAuthEnabled": false,
                "siteAuthSettings": {
                    "enabled": null,
                    "unauthenticatedClientAction": null,
                    "tokenStoreEnabled": null,
                    "allowedExternalRedirectUrls": null,
                    "defaultProvider": null,
                    "clientId": null,
                    "clientSecret": null,
                    "issuer": null,
                    "allowedAudiences": null,
                    "additionalLoginParams": null,
                    "isAadAutoProvisioned": false,
                    "googleClientId": null,
                    "googleClientSecret": null,
                    "googleOAuthScopes": null,
                    "facebookAppId": null,
                    "facebookAppSecret": null,
                    "facebookOAuthScopes": null,
                    "twitterConsumerKey": null,
                    "twitterConsumerSecret": null,
                    "microsoftAccountClientId": null,
                    "microsoftAccountClientSecret": null,
                    "microsoftAccountOAuthScopes": null
                },
                "cors": {
                    "allowedOrigins": [
                        "https://botservice.hosting.portal.azure.net",
                        "https://hosting.onecloud.azure-test.net/",
                        "https://functions.azure.com",
                        "https://functions-staging.azure.com",
                        "https://functions-next.azure.com"
                    ]
                },
                "push": null,
                "apiDefinition": null,
                "autoSwapSlotName": null,
                "localMySqlEnabled": false,
                "managedServiceIdentityId": null,
                "ipSecurityRestrictions": null
            },
            "dependsOn": [
                "[resourceId('Microsoft.Web/sites', parameters('sites_jbprntrhelpbotfunc_name'))]"
            ]
        },
        {
            "comments": "Generalized from resource: '/subscriptions/82d7b191-5a8c-4cbf-a9f9-9aa5fb50feaa/resourceGroups/JBPrinterHelpBot/providers/Microsoft.Web/sites/jbprntrhelpbotfunc/hostNameBindings/jbprntrhelpbotfunc.azurewebsites.net'.",
            "type": "Microsoft.Web/sites/hostNameBindings",
            "name": "[concat(parameters('sites_jbprntrhelpbotfunc_name'), '/', parameters('hostNameBindings_jbprntrhelpbotfunc.azurewebsites.net_name'))]",
            "apiVersion": "2016-08-01",
            "location": "East US 2",
            "scale": null,
            "properties": {
                "siteName": "jbprntrhelpbotfunc",
                "domainId": null,
                "hostNameType": "Verified"
            },
            "dependsOn": [
                "[resourceId('Microsoft.Web/sites', parameters('sites_jbprntrhelpbotfunc_name'))]"
            ]
        },
        {
            "comments": "Generalized from resource: '/subscriptions/82d7b191-5a8c-4cbf-a9f9-9aa5fb50feaa/resourceGroups/JBPrinterHelpBot/providers/Microsoft.Web/sites/JBPrinterHelpBotSvc/config/web'.",
            "type": "Microsoft.Web/sites/config",
            "name": "[concat(parameters('sites_JBPrinterHelpBotSvc_name'), '/', parameters('config_web_name_3'))]",
            "apiVersion": "2016-08-01",
            "location": "East US 2",
            "scale": null,
            "properties": {
                "numberOfWorkers": 1,
                "defaultDocuments": [
                    "Default.htm",
                    "Default.html",
                    "Default.asp",
                    "index.htm",
                    "index.html",
                    "iisstart.htm",
                    "default.aspx",
                    "index.php"
                ],
                "netFrameworkVersion": "v4.0",
                "phpVersion": "5.6",
                "pythonVersion": "",
                "nodeVersion": "",
                "linuxFxVersion": "",
                "requestTracingEnabled": false,
                "remoteDebuggingEnabled": false,
                "remoteDebuggingVersion": null,
                "httpLoggingEnabled": false,
                "logsDirectorySizeLimit": 35,
                "detailedErrorLoggingEnabled": false,
                "publishingUsername": "$JBPrinterHelpBotSvc",
                "publishingPassword": null,
                "appSettings": null,
                "metadata": null,
                "connectionStrings": null,
                "machineKey": null,
                "handlerMappings": null,
                "documentRoot": null,
                "scmType": "None",
                "use32BitWorkerProcess": true,
                "webSocketsEnabled": false,
                "alwaysOn": false,
                "javaVersion": null,
                "javaContainer": null,
                "javaContainerVersion": null,
                "appCommandLine": "",
                "managedPipelineMode": "Integrated",
                "virtualApplications": [
                    {
                        "virtualPath": "/",
                        "physicalPath": "site\\wwwroot",
                        "preloadEnabled": false,
                        "virtualDirectories": null
                    }
                ],
                "winAuthAdminState": 0,
                "winAuthTenantState": 0,
                "customAppPoolIdentityAdminState": false,
                "customAppPoolIdentityTenantState": false,
                "runtimeADUser": null,
                "runtimeADUserPassword": null,
                "loadBalancing": "LeastRequests",
                "routingRules": [],
                "experiments": {
                    "rampUpRules": []
                },
                "limits": null,
                "autoHealEnabled": false,
                "autoHealRules": {
                    "triggers": null,
                    "actions": null
                },
                "tracingOptions": null,
                "vnetName": "",
                "siteAuthEnabled": false,
                "siteAuthSettings": {
                    "enabled": null,
                    "unauthenticatedClientAction": null,
                    "tokenStoreEnabled": null,
                    "allowedExternalRedirectUrls": null,
                    "defaultProvider": null,
                    "clientId": null,
                    "clientSecret": null,
                    "issuer": null,
                    "allowedAudiences": null,
                    "additionalLoginParams": null,
                    "isAadAutoProvisioned": false,
                    "googleClientId": null,
                    "googleClientSecret": null,
                    "googleOAuthScopes": null,
                    "facebookAppId": null,
                    "facebookAppSecret": null,
                    "facebookOAuthScopes": null,
                    "twitterConsumerKey": null,
                    "twitterConsumerSecret": null,
                    "microsoftAccountClientId": null,
                    "microsoftAccountClientSecret": null,
                    "microsoftAccountOAuthScopes": null
                },
                "cors": {
                    "allowedOrigins": [
                        "http://ic-devportal-local.azurewebsites.net",
                        "https://ic-devportal-scratch.ic-ase-internal.p.azurewebsites.net",
                        "https://ic-devportal-ppe.ic-ase-internal.p.azurewebsites.net",
                        "https://ppe.botframework.com",
                        "https://scratch.botframework.com",
                        "https://dev.botframework.com"
                    ]
                },
                "push": null,
                "apiDefinition": null,
                "autoSwapSlotName": null,
                "localMySqlEnabled": false,
                "managedServiceIdentityId": null,
                "ipSecurityRestrictions": null
            },
            "dependsOn": [
                "[resourceId('Microsoft.Web/sites', parameters('sites_JBPrinterHelpBotSvc_name'))]"
            ]
        },
        {
            "comments": "Generalized from resource: '/subscriptions/82d7b191-5a8c-4cbf-a9f9-9aa5fb50feaa/resourceGroups/JBPrinterHelpBot/providers/Microsoft.Web/sites/JBPrinterHelpBotSvc/hostNameBindings/jbprinterhelpbotsvc.azurewebsites.net'.",
            "type": "Microsoft.Web/sites/hostNameBindings",
            "name": "[concat(parameters('sites_JBPrinterHelpBotSvc_name'), '/', parameters('hostNameBindings_jbprinterhelpbotsvc.azurewebsites.net_name'))]",
            "apiVersion": "2016-08-01",
            "location": "East US 2",
            "scale": null,
            "properties": {
                "siteName": "JBPrinterHelpBotSvc",
                "domainId": null,
                "hostNameType": "Verified"
            },
            "dependsOn": [
                "[resourceId('Microsoft.Web/sites', parameters('sites_JBPrinterHelpBotSvc_name'))]"
            ]
        }
    ]
}